ac_code,mp_name,mla_name,bye_poll
1,NIRMAL CHANDRA ROY,ADHIKARY PARESH CHANDRA,0
2,NISITH PRAMANIK,Sushil Barman,0
3,NISITH PRAMANIK,SUKUMAR ROY,0
4,JAGADISH CHANDRA BARMA BASUNIA,Nikhil Ranjan Dey,0
5,JAGADISH CHANDRA BARMA BASUNIA,Baren Chandra Barman,0
6,JAGADISH CHANDRA BARMA BASUNIA,SANGITA ROY,1
7,JAGADISH CHANDRA BARMA BASUNIA,NISITH PRAMANIK,1
8,NISITH PRAMANIK,Mihir Goswami,0
9,MANOJ TIGGA,Malati Rava Roy,0
10,MANOJ TIGGA,MANOJ KUMAR ORAON,0
11,MANOJ TIGGA,BISHAL LAMA,0
12,MANOJ TIGGA,SUMAN KANJILAL,0
13,MANOJ TIGGA,DIPAK BARMAN,0
14,MANOJ TIGGA,JAYPRAKASH TOPPO,1
15,DR JAYANTA KUMAR ROY,BISHNU PADA RAY,1
16,DR JAYANTA KUMAR ROY,Kaushik Roy,0
17,DR JAYANTA KUMAR ROY,DR. PRADIP KUMAR BARMA,0
18,NIRMAL CHANDRA ROY,KHAGESWAR ROY,0
19,DR JAYANTA KUMAR ROY,Sikha Chatterjee,0
20,NIRMAL CHANDRA ROY,BULU CHIK BARAIK,0
21,PRAKASH CHIK BARAIK,PUNA BHENGRA,0
22,RAJU BISTA,RUDEN SADA LEPCHA,0
23,RAJU BISTA,NEERAJ TAMANG ZIMBA,0
24,RAJU BISTA,Bishnu Prasad Sharma (alias B.P. Bajgain),0
25,RAJU BISTA,Anandamay Barman,0
26,RAJU BISTA,Sankar Ghosh,0
27,RAJU BISTA,Durga Murmu,0
28,GOPAL LAMA,HAMIDUL RAHAMAN,0
29,KALYANI KRISHNA,ABDUL KARIM CHOWDHARY,0
30,KALYANI KRISHNA,MD. GHULAM RABBANI,0
31,ALI IMRAN RAMZ (VICTOR),AZAD MINHAJUL ARFIN,0
32,KARTICK CHANDRA PAUL,GOUTAM PAUL,0
33,KARTICK CHANDRA PAUL,SATYAJIT BARMAN,0
34,KARTICK CHANDRA PAUL,SOUMEN ROY,0
35,KARTICK CHANDRA PAUL,KRISHNA KALYANI,1
36,BIPLAB MITRA,MOSARAF HUSSEN,0
37,BIPLAB MITRA,REKHA ROY,0
38,BIPLAB MITRA,TORAF HOSSAIN MANDAL,0
39,SUKANTA MAJUMDAR,Ashok Kumar Lahiri,0
40,SUKANTA MAJUMDAR,BUDHRAI TUDU,0
41,SUKANTA MAJUMDAR,SATYENDRA NATH RAY,0
42,BIPLAB MITRA,BIPLAB MITRA,0
43,KHAGEN MURMU,JOYEL MURMU,0
44,KHAGEN MURMU,CHINMOY DEB BARMAN,0
45,ALAM MOSTAQUE,Nihar Ranjan Ghosh,0
46,ALAM MOSTAQUE,TAJMUL HOSSAIN,0
47,ALAM MOSTAQUE,ABDUR RAHIM BOXI,0
48,ALAM MOSTAQUE,Samar Mukherjee,0
49,SREERUPA MITRA CHAUDHURY (NIRBHAYA DIDI),SABITRI MITRA,0
50,KHAGEN MURMU,Gopal Chandra Saha,0
51,SREERUPA MITRA CHAUDHURY (NIRBHAYA DIDI),SREERUPA MITRA CHAUDHURY(NIRBHOY DIDI),0
52,ISHA KHAN CHOUDHURY,YEASMIN SABINA,0
53,ISHA KHAN CHOUDHURY,Md Abdul Ghani,0
54,SREERUPA MITRA CHAUDHURY (NIRBHAYA DIDI),CHANDANA SARKAR,0
55,ISHA KHAN CHOUDHURY,MANIRUL ISLAM,0
56,ISHA KHAN CHOUDHURY,Amirul Islam,0
57,KHALILUR RAHAMAN,EMANI BISWAS,0
58,DHANANJAY GHOSH,JAKIR HOSSAIN,0
59,KHALILUR RAHAMAN,Akhruzzaman,0
60,KHALILUR RAHAMAN,SUBRATA SAHA,1
61,MURTOJA HOSSAIN BOKUL,ALI MOHAMMAD,0
62,ABU TAHER KHAN,IDRIS ALI,1
63,MD SALIM,ABDUL SOUMIK HOSSAIN,0
64,GOURI SANKAR GHOSH,GOURI SANKAR GHOSH,0
65,KHALILUR RAHAMAN,KANAI CHANDRA MONDAL,0
66,KHALILUR RAHAMAN,ASHIS MARJIT,0
67,DR. NIRMAL KUMAR SAHA,JIBAN KRISHNA SAHA,0
68,PATHAN YUSUF,APURBA SARKAR (DAVID),0
69,PATHAN YUSUF,HUMAYUN KABIR,0
70,PATHAN YUSUF,RABIUL ALAM CHOWDHURY,0
71,PATHAN YUSUF,HASANUZZAMAN SK,0
72,ADHIR RANJAN CHOWDHURY,Subrata Maitra (Kanchan),0
73,ABU TAHER KHAN,NIAMOT SHEIKH,0
74,PATHAN YUSUF,SAHINA MOMTAZ KHAN,0
75,ABU TAHER KHAN,JAFIKUL ISLAM,0
76,ABU TAHER KHAN,ABDUR RAZZAK,0
77,ABU TAHER KHAN,Bimalendu Sinha Roy,0
78,AMRITA ROY,Tapas Kumar Saha,0
79,MAHUA MOITRA,Dr. Manik Bhattacharya,0
80,MAHUA MOITRA,NASIRUDDIN AHAMED (LAL),0
81,MAHUA MOITRA,Kallol Khan,0
82,MAHUA MOITRA,RUKBANUR RAHMAN,0
83,AMRITA ROY,MUKUL ROY,0
84,MUKUT MANI ADHIKARI,PUNDARIKAKSHYA SAHA,0
85,AMRITA ROY,UJJAL BISWAS,0
86,JAGANNATH SARKAR,JAGANNATH SARKAR,1
87,JAGANNATH SARKAR,PARTHASARATHI CHATTERJEE,0
88,JAGANNATH SARKAR,ASHIS KUMAR BISWAS,0
89,JAGANNATH SARKAR,ASHIM BISWAS,0
90,JAGANNATH SARKAR,MUKUT MANI ADHIKARI,1
91,JAGANNATH SARKAR,Bankim Chandra Ghosh,0
92,SHANTANU THAKUR,AMBIKA ROY,0
93,SHANTANU THAKUR,ASIM KUMAR SARKAR,0
94,SHANTANU THAKUR,MADHUPARNA THAKUR,1
95,SHANTANU THAKUR,ASHOK KIRTANIA,0
96,SHANTANU THAKUR,SWAPAN MAJUMDER,0
97,SHANTANU THAKUR,SUBRATA THAKUR,0
98,BISWAJIT DAS S/O LATE BIJAY KRISHNA DAS,BINA MONDAL,0
99,SK NURUL ISLAM,ABDUR RAHIM QUAZI,0
100,SWAPAN MAJUMDER,JYOTI PRIYA MALLICK,0
101,Dr. KAKOLI GHOSH DASTIDAR,NARAYAN GOSWAMI,0
102,PARTHA BHOWMICK,RAFIQUR RAHAMAN,0
103,PARTHA BHOWMICK,SUBODH ADHIKARY,0
104,PARTHA BHOWMICK,SANAT DEY,1
105,ARJUN SINGH,PAWAN KUMAR SINGH,0
106,PARTHA BHOWMICK,SOMENATH SHYAM ICHINI,0
107,PARTHA BHOWMICK,MANJU BASU,0
108,PARTHA BHOWMICK,RAJU CHAKRABORTY (RAJ),0
109,SOUGATA RAY,KAJAL SINHA,1
110,SOUGATA RAY,CHANDRIMA BHATTACHARYA,0
111,SOUGATA RAY,NIRMAL GHOSH,0
112,SOUGATA RAY,MADAN MITRA,0
113,SOUGATA RAY,TAPAS ROY,1
114,SOUGATA RAY,BRATYA BASU,0
115,Dr. KAKOLI GHOSH DASTIDAR,TAPASH CHATTERJEE,0
116,SWAPAN MAJUMDER,SUJIT BOSE S/O - LATE AJIT BOSE,0
117,SOUGATA RAY,ADITI MUNSHI,0
118,Dr. KAKOLI GHOSH DASTIDAR,RATHIN GHOSH,0
119,Dr. KAKOLI GHOSH DASTIDAR,CHIRANJEET CHAKRABARTI,0
120,Dr. KAKOLI GHOSH DASTIDAR,RAHIMA MONDAL,0
121,SK NURUL ISLAM,SK RABIUL ISLAM,1
122,SK NURUL ISLAM,USHA RANI MONDAL,0
123,REKHA PATRA,SUKUMAR MAHATA,0
124,SK NURUL ISLAM,DR. SAPTARSHI BANERJEE,0
125,SK NURUL ISLAM,RAFIKUL ISLAM MONDAL,0
126,SK NURUL ISLAM,DEBES MANDAL,0
127,PRATIMA MONDAL,JAYANTA NASKAR,1
128,PRATIMA MONDAL,SHYAMAL MONDAL,0
129,PRATIMA MONDAL,Ganesh Chandra Mondal,0
130,BAPI HALDAR,SAMIR KUMAR JANA,0
131,BAPI HALDAR,MANTURAM PAKHIRA,0
132,BAPI HALDAR,BANKIM CHANDRA HAZRA,0
133,BAPI HALDAR,JOGARANJAN HALDER,0
134,BAPI HALDAR,ALOKE JALDATA,0
135,BAPI HALDAR,JOYDEB HALDER,0
136,PRATIMA MONDAL,BISWANATH DAS,0
137,SAYANI GHOSH,BIVAS SARDAR (VOBO),0
138,PRATIMA MONDAL,Paresh Ram Das,0
139,PRATIMA MONDAL,SAOKAT MOLLA,0
140,SAYANI GHOSH,BIMAN BANERJEE,0
141,PRATIMA MONDAL,NAMITA SAHA,0
142,BAPI HALDAR,GIAS UDDIN MOLLA,0
143,ABHISHEK BANERJEE,PANNALAL HALDER,0
144,ABHISHEK BANERJEE,SANKAR KUMAR NASKAR,0
145,ABHISHEK BANERJEE,MOHAN CHANDRA NASKAR,0
146,ABHISHEK BANERJEE,DILIP MONDAL,0
147,SAYANI GHOSH,ARUNDHUTI MAITRA (LOVELY),0
148,SAYANI GHOSH,MD. NAWSAD SIDDIQUE,0
149,MALA ROY,AHMED JAVED KHAN,0
150,SAYANI GHOSH,DEBABRATA MAJUMDAR (MALAY),0
151,SAYANI GHOSH,FIRDOUSI BEGUM,0
152,SAYANI GHOSH,AROOP BISWAS,0
153,MALA ROY,Ratna Chatterjee,0
154,MALA ROY,PARTHA CHATTERJEE,0
155,ABHISHEK BANERJEE,DULAL CHANDRA DAS,0
156,ABHISHEK BANERJEE,ASHOK KUMAR DEB,0
157,ABHISHEK BANERJEE,ABDUL KHALEQUE MOLLA,0
158,MALA ROY,Firhad Hakim,0
159,MALA ROY,Sobhandeb Chattopadhyay,1
160,MALA ROY,DEBASISH KUMAR,0
161,MALA ROY,Subrata Mukherjee,1
162,BANDYOPADHYAY SUDIP,BANDYOPADHYAY NAYNA,0
163,BANDYOPADHYAY SUDIP,Swarna Kamal Saha,0
164,BANDYOPADHYAY SUDIP,PARESH PAUL,0
165,TAPAS ROY,VIVEK GUPTA,0
166,TAPAS ROY,Dr. SHASHI PANJA,0
167,BANDYOPADHYAY SUDIP,SUPTI PANDEY,1
168,BANDYOPADHYAY SUDIP,Atin Ghosh,0
169,PRASUN BANERJEE,RANA CHATTERJEE,0
170,PRASUN BANERJEE,GAUTAM CHOWDHURI,0
171,PRASUN BANERJEE,"Arup Roy, S/o Late Prabhat Roy",0
172,PRASUN BANERJEE,Manoj Tiwary,0
173,PRASUN BANERJEE,NANDITA CHOWDHURY,0
174,PRASUN BANERJEE,PRIYA PAUL,0
175,PRASUN BANERJEE,GULSAN MULLICK,0
176,SAJDA AHMED,BIDESH RANJAN BOSE,0
177,SAJDA AHMED,Dr. Nirmal Maji,0
178,SAJDA AHMED,PULAK ROY,0
179,SAJDA AHMED,KALIPADA MANDAL,0
180,SAJDA AHMED,Arunava Sen (Raja),0
181,SAJDA AHMED,SUKANTA KUMAR PAUL,0
182,SAJDA AHMED,SAMIR KUMAR PANJA,0
183,KALYAN BANERJEE,SITANATH GHOSH,0
184,KALYAN BANERJEE,KALYAN GHOSH,0
185,KALYAN BANERJEE,KANCHAN MULLICK,0
186,KALYAN BANERJEE,DR. SUDIPTO ROY,0
187,KALYAN BANERJEE,ARINDAM GUIN (BUBAI),0
188,RACHNA BANERJEE,BECHARAM MANNA,0
189,RACHNA BANERJEE,INDRANIL SEN,0
190,LOCKET CHATTERJEE,Asit Mazumder (Tapan),0
191,LOCKET CHATTERJEE,MANORANJAN BAPARI,0
192,RACHNA BANERJEE,Dr. Ratna De Nag,0
193,LOCKET CHATTERJEE,TAPAN DASGUPTA,0
194,KALYAN BANERJEE,SWATI KHANDOKER,0
195,KALYAN BANERJEE,SNEHASIS CHAKRABORTY,0
196,BAG MITALI,Dr. Karabi Manna,0
197,RACHNA BANERJEE,ASIMA PATRA,0
198,BAG MITALI,RAMENDU SINHARAY,0
199,ARUP KANTI DIGAR,BIMAN GHOSH,0
200,BAG MITALI,MADHUSUDAN BAG,0
201,ARUP KANTI DIGAR,BISWANATH KARAK,0
202,ARUP KANTI DIGAR,SUSANTA GHOSH,0
203,ABHIJIT GANGOPADHYAY,Saumen Kumar Mahapatra,0
204,ABHIJIT GANGOPADHYAY,Biplab Roy Chowdhury,0
205,DR. HIRANMOY CHATTOPADHYAYA,PHIROJA BIBI,0
206,ABHIJIT GANGOPADHYAY,Ashoke Dinda,0
207,ABHIJIT GANGOPADHYAY,SUKUMAR DE,0
208,ABHIJIT GANGOPADHYAY,TILAK KUMAR CHAKRABORTY,0
209,ABHIJIT GANGOPADHYAY,Tapasi Mondal,0
210,ABHIJIT GANGOPADHYAY,ADHIKARI SUVENDU,0
211,ADHIKARI SOUMENDU,Soham Chakraborty,0
212,UTTAM BARIK SON OF LATE BIRENDRA BARIK,UTTAM BARIK,0
213,ADHIKARI SOUMENDU,SUMITA SINHA,0
214,ADHIKARI SOUMENDU,RABINDRANATH MAITY,0
215,ADHIKARI SOUMENDU,SANTANU PRAMANIK,0
216,ADHIKARI SOUMENDU,ARUP KUMAR DAS,0
217,ADHIKARI SOUMENDU,AKHIL GIRI,0
218,AGNIMITRA PAUL,TARUN KUMAR MAITY,0
219,JUNE MALIAH,BIKRAM CHANDRA PRADHAN,0
220,KALIPADA SAREN (KHERWAL),DULAL MURMU,0
221,KALIPADA SAREN (KHERWAL),Dr. Khagendra Nath Mahata,0
222,KALIPADA SAREN (KHERWAL),BIRBAHA HANSDA,0
223,JUNE MALIAH,PARESH MURMU,0
224,AGNIMITRA PAUL,HIRANMOY CHATTOPADHYAYA,0
225,JUNE MALIAH,ATTA SURJA KANTA,0
226,ADHIKARI DEEPAK (DEV),MANAS RANJAN BHUNIA,0
227,ADHIKARI DEEPAK (DEV),AJIT MAITY,0
228,JUNE MALIAH,DINEN ROY,0
229,ADHIKARI DEEPAK (DEV),HUMAYUN KABIR,0
230,ADHIKARI DEEPAK (DEV),MAMATA BHUNIA,0
231,ADHIKARI DEEPAK (DEV),SITAL KAPAT,0
232,BAG MITALI,ARUP DHARA,0
233,KALIPADA SAREN (KHERWAL),Uttara Singha (Hazra),0
234,KALIPADA SAREN (KHERWAL),Srikanta Mahata,0
235,ADHIKARI DEEPAK (DEV),Seuli Saha,0
236,JUNE MALIAH,SUJOY HAZRA,1
237,KALIPADA SAREN (KHERWAL),DEBNATH HANSDA,0
238,KALIPADA SAREN (KHERWAL),RAJIB LOCHAN SAREN,0
239,SHANTIRAM MAHATO,BANESWAR MAHATO,0
240,JYOTIRMAY SINGH MAHATO,Sushanta Mahato,0
241,SHANTIRAM MAHATO,Nara Hari Mahato,0
242,JYOTIRMAY SINGH MAHATO,Sudip Kumar Mukherjee,0
243,SHANTIRAM MAHATO,SANDHYARANI TUDU,0
244,SHANTIRAM MAHATO,KAMALAKANTA HANSDA,0
245,JYOTIRMAY SINGH MAHATO,NADIAR CHAND BOURI,0
246,ARUP CHAKRABORTY,Vivekananda Bauri,0
247,ARUP CHAKRABORTY,BAURI CHANDANA,0
248,ARUP CHAKRABORTY,SATYANARAYAN MUKHOPADHYAY,0
249,ARUP CHAKRABORTY,Jyotsna Mandi,0
250,ARUP CHAKRABORTY,MRITYUNJOY MURMU,0
251,ARUP CHAKRABORTY,FALGUNI SINGHABABU,1
252,DR. SUBHAS SARKAR,NILADRI SEKHAR DANA,0
253,KHAN SAUMITRA,ALOK MUKHERJEE,0
254,KHAN SAUMITRA,AMARNATH SHAKHA,0
255,KHAN SAUMITRA,TANMAY GHOSH (BUMBA),0
256,KHAN SAUMITRA,HARAKALI PROTIHER,0
257,SUJATA MONDAL,NIRMAL KUMAR DHARA,0
258,KHAN SAUMITRA,DIBAKAR GHARAMI,0
259,SUJATA MONDAL,NABIN CHANDRA BAG,0
260,AZAD KIRTI JHA,KHOKAN DAS,0
261,DR. SHARMILA SARKAR,Shampa Dhara,0
262,DR. SHARMILA SARKAR,ALOK KUMAR MAJHI,0
263,AZAD KIRTI JHA,CHOWDHURY SIDDIQULLAH,0
264,DR. SHARMILA SARKAR,DEBOPRASAD BAG (POLTU),0
265,DR. SHARMILA SARKAR,MADHUSUDAN BHATTACHARYA,0
266,AZAD KIRTI JHA,NISITH KUMAR MALIK,0
267,AZAD KIRTI JHA,ADHIKARI MANGOBINDA,0
268,DR. SHARMILA SARKAR,SWAPAN DEBNATH,0
269,DR. SHARMILA SARKAR,TAPAN CHATTERJEE,0
270,DR. SHARMILA SARKAR,Rabindranath Chatterjee,0
271,ASIT KUMAR MAL,Sekh Sahonawez,0
272,ASIT KUMAR MAL,Apurba Chowdhury (Achal),0
273,ASIT KUMAR MAL,ABHEDANANDA THANDER,0
274,AZAD KIRTI JHA,NEPAL GHORUI,0
275,SHATRUGHAN PRASAD SINHA,NARENDRANATH CHAKRABORTY,0
276,AZAD KIRTI JHA,PRADIP MAZUMDAR,0
277,DILIP GHOSH,LAKSHMAN CHANDRA GHORUI,0
278,SHATRUGHAN PRASAD SINHA,TAPAS BANERJEE,0
279,SHATRUGHAN PRASAD SINHA,HARERAM SINGH,0
280,S S AHLUWALIA,AGNIMITRA PAUL,0
281,SHATRUGHAN PRASAD SINHA,Ghatak Moloy,0
282,S S AHLUWALIA,AJAY KUMAR PODDAR,0
283,SHATRUGHAN PRASAD SINHA,BIDHAN UPADHYAY,0
284,SATABDI ROY,Anup Kumar Saha,0
285,SATABDI ROY,BIKASH ROYCHOUDHURY,0
286,ASIT KUMAR MAL,SINHA CHANDRANATH,0
287,ASIT KUMAR MAL,BIDHAN CHANDRA MAJHI,0
288,ASIT KUMAR MAL,ABHIJIT SINHA (RANA),0
289,SATABDI ROY,NILABATI SAHA,0
290,ASIT KUMAR MAL,ABHIJIT ROY,0
291,SATABDI ROY,ASISH BANERJEE,0
292,SATABDI ROY,Dr. ASOK KUMAR CHATTOPADHYAY,0
293,SATABDI ROY,RAJENDRA PRASAD SINGH (RAJU SINGH),0
294,SATABDI ROY,DR MOSARRAF HOSSAIN,0